,model,avg_loss,avg_acc
0,BILSTM,0.23614096641540527,0.9524279038111368
1,LSTM,0.1712502886851628,0.9520991841952006
