,model,avg_loss,avg_acc
0,64,0.19188744326432547,0.947074294090271
1,256,0.21055996914704642,0.953977644443512
2,128,0.1802974740664164,0.956983188788096
