,model,avg_loss,avg_acc
0,2 conv layers,0.22846523920694986,0.9371653993924459
1,1 conv layers,0.1712502886851628,0.9520991841952006
