,model,avg_loss,avg_acc
0,BILSTM,0.1802974740664164,0.9569831887880961
1,GRU,0.163942535718282,0.9544002811113992
2,LSTM,0.1712502886851628,0.9520991841952006
