,model,avg_loss,avg_acc
0,dropout=0,0.31069395939509076,0.941438893477122
1,dropout=0.2,0.18761626382668814,0.9520522157351176
2,dropout=0.4,0.17125028868516287,0.9520991841952006
