,model,avg_loss,avg_acc
0,kernel_size=5,0.17134813964366913,0.9527566432952881
1,kernel_size=15,0.17820433775583902,0.9518174131711324
2,kernel_size=10,0.17125028868516287,0.9520991841952006
