,model,avg_loss,avg_acc
0,GRU,0.16394253571828207,0.9544002811113993
1,LSTM,0.1712502886851628,0.9520991841952006
